id,title,category,url,sha256,word_count
index,Polygres documentation | Polygres,home,https://docs.evokoa.com/polygres,f71c0b58e8730b06de1fc93e09efe26566b3ad803a86e02ed76dae09bf331808,257
what-is-polygres,What is Polygres? | Polygres,getting-started,https://docs.evokoa.com/polygres/getting-started/what-is-polygres,f371ab1aea038eef7776acc6dfb40ced0cd36cd0cb074432347bbf298a407da1,968
quickstart,Quickstart | Polygres,getting-started,https://docs.evokoa.com/polygres/getting-started/quickstart,e752293c0a6d6fdc12cb3b3644fa337ab2fa600af87a9003d65d120a53d70c1a,610
key-concepts,Key concepts | Polygres,getting-started,https://docs.evokoa.com/polygres/getting-started/key-concepts,a2d5a91947e4ed9d3016341089dc13406d25741c2c5b2bec8fcef7507f636685,722
core-workflow,Core workflow | Polygres,getting-started,https://docs.evokoa.com/polygres/getting-started/core-workflow,ba4917866787c597c7bf9c31d0f486cb06f21e850851a2e3037772e703809c64,820
common-use-cases,Common use cases | Polygres,getting-started,https://docs.evokoa.com/polygres/getting-started/common-use-cases,0e3026fc3ed8d076f69fdd65cc35855122396341a39fe1bfc03c4db4d22cad3a,857
projects-and-orgs,Projects and Organizations | Polygres,platform,https://docs.evokoa.com/polygres/platform/projects-and-orgs,dd49ed9629a5efd4fc9d4c8fa62ebdb7bed4e2b711693693ae649a369d61ce7b,2608
load-and-manage-data,Load and manage data | Polygres,platform,https://docs.evokoa.com/polygres/platform/load-and-manage-data,4a33723a1d3dd5bf0e03de0e929803876a30e6a98fabd7615cfc7130f23acbcf,1194
query-from-dashboard,Query from the dashboard | Polygres,platform,https://docs.evokoa.com/polygres/platform/query-from-dashboard,6b4800822dc2980aacb1794c929670353e68f888e37e778c6f3aad71c4cdd5ba,990
dashboard-api-database-access,"Dashboard, API, and database access | Polygres",platform,https://docs.evokoa.com/polygres/platform/dashboard-api-database-access,d82e3fc6ba06f36c48aaacb5ef0e01e4ca5e3255c99774ae2dc8f1b3c30b27ce,859
security-basics,Security basics | Polygres,platform,https://docs.evokoa.com/polygres/platform/security-basics,91f7448783b54be9b6294d95489804e0dcc9ac65af2bbc8dd1b32a196582b204,1045
roles-and-permissions,Roles and permissions | Polygres,platform,https://docs.evokoa.com/polygres/platform/roles-and-permissions,1a99624d4e65fd991cd7bf8da5a4f87b06c6d945e143fcb85f7d709c892dfdcd,515
python-sdk,Python SDK | Polygres,sdk,https://docs.evokoa.com/polygres/sdk/python-sdk,6855a59569b108df93a7a7402b0d707401b8b1758bd3665273caee72852a20ce,283
connect-your-app,Connect your app | Polygres,sdk,https://docs.evokoa.com/polygres/sdk/connect-your-app,56dc8e4898639f0270f11ca73410152d4603c6ff2c05e505d19d35c9bd780aa6,715
connection-examples,Connection examples | Polygres,sdk,https://docs.evokoa.com/polygres/sdk/connection-examples,920d3bfdb9fd85bd893bec429d54462c4dae240173e826e5d5294487fad3df41,654
configure-retrieval,Configure retrieval | Polygres,sdk,https://docs.evokoa.com/polygres/sdk/configure-retrieval,0e392d90f9094721d723d70595f2c2135e6b6fb979f7f434ab5b85f91f8cc799,1590
retrieval-integration-patterns,Retrieval integration patterns | Polygres,sdk,https://docs.evokoa.com/polygres/sdk/retrieval-integration-patterns,80d568586bd779d9d4d85b8ee071eb9eee5a31f58c27e104fc2a00fb49f05bd9,1453
reference,Reference and troubleshooting | Polygres,reference,https://docs.evokoa.com/polygres/reference,7493ba8cff16326d0bfe3761a78f4a06cd6aab6bc64c2632302b957c9183aaae,134
limits,Limits | Polygres,reference,https://docs.evokoa.com/polygres/reference/limits,039341c2cd8b7607e01579243274f344c3205d2ff101afebd2ef287f064d5a71,1196
error-codes,Error codes | Polygres,reference,https://docs.evokoa.com/polygres/reference/error-codes,66764228de68b6dcaba6ec0c79248f2d08b3022d70646da64bb588871c7c01ff,1556
routes,Routes | Polygres,reference,https://docs.evokoa.com/polygres/reference/routes,058d18926dc130eb64ff2bfa0ae7155a011fa5963abadecfa441b037ca4648ae,301
troubleshooting,Troubleshooting | Polygres,reference,https://docs.evokoa.com/polygres/reference/troubleshooting,cffbdf77d9ddd0e332083a1fc3fa1195378a31117c55fe7602ac949d96b293b4,1715
